{"cameraMode":{"drawMode":0,"name":"Shaded","section":"Shading Mode"},"sceneLighting":true,"audioPlay":false,"sceneViewState":{"m_AlwaysRefresh":false,"showFog":true,"showSkybox":true,"showFlares":true,"showImageEffects":true,"showParticleSystems":true,"showVisualEffectGraphs":true,"m_FxEnabled":true},"in2DMode":false,"pivot":{"x":26.755268096923829,"y":-13.385857582092286,"z":7.991729259490967},"rotation":{"x":-0.058717407286167148,"y":-0.9624124765396118,"z":0.17846839129924775,"w":-0.19646170735359193},"size":19.302473068237306,"orthographic":false}